date,dead,injured,lon,lat
2018-01-03,0,1,18.175741,59.17177
2018-01-04,0,1,17.008948,58.762959
2018-01-04,0,0,18.129283,59.276246
2018-01-05,0,0,17.872691,59.252511
2018-01-05,0,0,21.700909,65.829143
2018-01-06,0,1,11.932739,57.695974
2018-01-07,0,0,17.95912,59.217325
2018-01-08,1,0,17.930092,59.389612
2018-01-09,1,0,13.047911,56.709038
2018-01-11,0,0,17.853656,59.192726
2018-01-12,0,0,12.942149,55.586666
2018-01-12,1,0,12.717701,56.03478
2018-01-12,0,1,17.588588,59.853238
2018-01-13,0,0,11.911262,57.711629
2018-01-14,1,0,12.999776,55.576834
2018-01-15,1,0,17.939476,59.375922
2018-01-17,0,1,12.525593,57.936302
2018-01-17,0,0,17.807376,59.247647
2018-01-19,0,0,12.987692,55.564953
2018-01-19,0,1,18.085422,59.334807
2018-01-23,0,0,12.977261,55.582756
2018-01-23,0,1,17.590512,59.209919
2018-01-28,0,0,12.13929,57.652282
2018-01-30,1,0,11.943685,57.665679
2018-02-02,1,0,13.019386,55.565469
2018-02-04,0,0,17.582361,59.194807
2018-02-08,0,0,18.000408,59.288268
2018-02-09,0,0,17.926576,59.389691
2018-02-10,0,1,17.141945,60.679531
2018-02-12,0,0,13.158241,55.377102
2018-02-12,0,1,12.731057,56.026039
2018-02-13,0,0,17.899359,59.380415
2018-02-22,0,0,17.591989,59.206296
2018-02-26,0,0,11.974159,57.803027
2018-02-26,1,0,16.766701,60.614957
2018-02-27,0,0,11.893273,57.72557
2018-02-28,0,0,18.031959,59.287536
2018-03-02,0,0,17.58883,59.210851
2018-03-05,0,1,13.103419,55.795972
2018-03-05,0,1,13.103419,55.795972
2018-03-06,0,0,17.945515,59.425208
2018-03-07,0,1,11.949567,57.695482
2018-03-07,0,0,18.060225,59.347982
2018-03-07,0,0,22.095152,65.576838
2018-03-08,0,0,18.104119,59.346943
2018-03-10,0,1,17.945326,59.402748
2018-03-12,0,1,17.825177,59.610269
2018-03-13,0,0,18.104119,59.346943
2018-03-16,0,0,17.907841,59.376632
2018-03-17,0,1,17.911137,59.39453
2018-03-18,0,1,16.533712,59.628157
2018-03-19,0,0,15.191392,59.300237
2018-03-26,0,0,13.037551,55.582838
2018-03-26,0,1,13.035831,55.585506
2018-03-27,0,0,17.655998,59.875784
2018-03-29,0,0,13.037551,55.582838
2018-03-31,0,1,18.032511,59.254274
2018-04-03,0,0,17.957051,59.375525
2018-04-03,0,0,17.928412,59.390549
2018-04-05,0,1,17.625534,59.505711
2018-04-07,0,1,12.048475,57.738272
2018-04-09,0,0,17.03345,58.767966
2018-04-10,0,1,12.973014,55.5728
2018-04-11,0,0,11.946079,57.716969
2018-04-13,0,1,12.058699,57.60819
2018-04-14,0,0,12.725014,56.019637
2018-04-15,0,0,17.94559,59.223024
2018-04-15,0,1,17.902421,59.395622
2018-04-16,0,0,11.901622,57.647578
2018-04-20,0,0,13.060161,56.502549
2018-04-21,0,0,17.903949,59.392893
2018-04-22,0,0,17.644144,59.878188
2018-04-22,0,0,11.930284,57.625807
2018-04-24,0,1,17.621355,59.815754
2018-04-25,0,1,18.116858,59.121074
2018-04-27,0,1,14.055425,57.18163
2018-04-29,0,0,16.478807,59.629686
2018-04-30,0,0,17.924761,59.409501
2018-05-02,0,0,15.582809,56.157841
2018-05-02,0,0,14.96911,56.532065
2018-05-02,0,0,17.899359,59.380415
2018-05-02,0,1,17.058075,59.64792
2018-05-03,0,1,18.120087,59.233331
2018-05-05,1,0,12.063353,57.741315
2018-05-05,0,0,17.289279,63.16115
2018-05-06,0,0,11.909987,57.647783
2018-05-08,0,0,18.093222,59.285196
2018-05-09,0,1,12.380611,57.723114
2018-05-11,0,0,17.928691,59.291698
2018-05-14,0,0,12.696213,56.045166
2018-05-18,0,1,14.151792,57.739279
2018-05-18,0,1,16.214908,60.128117
2018-05-19,1,0,12.974599,55.572826
2018-05-20,1,0,11.970943,57.680716
2018-05-21,0,1,12.052494,57.606248
2018-05-21,0,0,17.06798,59.722319
2018-05-23,0,1,17.942197,59.407311
2018-05-26,0,1,17.830953,59.425946
2018-05-28,1,0,12.976092,55.574648
2018-05-28,0,0,12.746042,56.044289
2018-05-28,0,0,15.610818,56.198138
2018-05-28,1,0,13.112889,56.944565
2018-05-28,0,0,11.891217,57.632042
2018-05-28,0,1,11.897664,57.654671
2018-05-29,0,0,18.001236,59.357442
2018-05-30,0,0,17.904103,59.394686
2018-05-30,0,1,17.643574,59.871012
2018-05-31,0,1,13.01513,55.555514
2018-05-31,0,0,12.683075,59.050677
2018-06-01,0,1,17.92306,59.38977
2018-06-02,0,1,18.008738,59.36266
2018-06-03,0,0,17.626078,59.193931
2018-06-04,0,0,17.900816,59.397455
2018-06-05,1,0,18.131198,59.354383
2018-06-05,1,0,17.856676,59.417299
2018-06-06,0,1,18.140555,59.26519
2018-06-07,0,0,18.030206,59.287577
2018-06-07,0,1,17.90418,59.395583
2018-06-07,0,1,17.653992,59.867208
2018-06-08,0,0,12.068279,57.493371
2018-06-08,1,0,18.059982,59.345292
2018-06-10,0,0,22.24254,65.589694
2018-06-13,1,0,17.845271,59.365433
2018-06-18,1,0,13.018935,55.605906
2018-06-19,0,0,12.834293,55.873312
2018-06-20,0,0,16.437541,57.265897
2018-06-21,1,0,13.01178,55.559055
2018-06-22,0,1,14.160109,56.06022
2018-06-22,0,0,14.080687,57.429763
2018-06-22,0,0,18.157654,59.260283
2018-06-23,0,0,12.987991,55.590123
2018-06-23,0,0,14.080687,57.429763
2018-06-23,0,1,17.825779,59.617444
2018-06-24,0,0,12.8685,56.674644
2018-06-24,0,0,12.090696,57.589159
2018-06-25,0,1,16.48505,59.369154
2018-06-30,0,3,12.701506,56.037176
2018-07-01,0,0,17.905861,59.394647
2018-07-02,0,0,18.263643,59.322374
2018-07-03,0,1,13.015854,55.572602
2018-07-03,0,0,13.017349,55.574424
2018-07-03,0,1,12.073663,57.800871
2018-07-03,2,1,15.186124,59.300245
2018-07-04,1,0,12.34621,58.373899
2018-07-04,0,0,18.038995,59.09057
2018-07-05,0,0,14.031078,58.606111
2018-07-08,0,0,17.595806,59.187352
2018-07-08,0,0,18.22809,59.244174
2018-07-09,0,0,13.027453,55.594359
2018-07-10,0,0,14.695056,57.651028
2018-07-10,0,0,11.887932,57.650837
2018-07-10,0,1,17.922751,59.386183
2018-07-11,0,0,12.716946,56.020386
2018-07-11,0,0,14.695056,57.651028
2018-07-11,0,0,11.896473,57.727446
2018-07-12,0,1,15.652692,56.763945
2018-07-16,1,0,13.045434,55.583862
2018-07-17,0,1,17.930116,59.410279
2018-07-19,0,1,13.055035,55.582218
2018-07-19,0,1,16.225346,58.556318
2018-07-21,0,1,12.712625,56.03918
2018-07-22,0,1,12.834243,55.87421
2018-07-23,0,0,22.200354,68.364465
2018-07-24,0,0,13.007656,55.577862
2018-07-24,0,0,12.732397,56.030558
2018-07-24,0,0,11.898865,57.679868
2018-07-25,0,0,13.019024,55.572653
2018-07-26,0,0,17.917631,59.388094
2018-07-28,1,0,15.216359,61.005327
2018-07-28,0,0,13.235826,63.473878
2018-07-31,0,0,17.938514,59.222285
2018-08-05,0,0,12.139078,57.654973
2018-08-06,0,0,17.932506,59.295207
2018-08-06,0,0,18.46533,60.36422
2018-08-07,0,0,17.648967,59.511527
2018-08-07,0,1,16.231795,59.712168
2018-08-08,0,1,12.975491,55.586322
2018-08-09,0,1,13.053435,55.614547
2018-08-09,0,0,18.014504,59.30861
2018-08-11,0,1,17.659988,59.875173
2018-08-12,0,0,17.654636,59.875281
2018-08-14,0,0,12.974137,55.581806
2018-08-14,0,0,12.139078,57.654973
2018-08-15,0,0,13.187002,55.369444
2018-08-16,0,1,12.712901,56.061654
2018-08-16,0,1,17.653424,59.882493
2018-08-18,0,0,13.190033,55.372185
2018-08-18,0,0,12.9999,55.605597
2018-08-18,0,1,12.289652,57.681657
2018-08-20,0,1,16.240581,59.613297
2018-08-20,0,1,17.636463,59.803773
2018-08-20,0,0,17.636463,59.803773
2018-08-20,0,0,17.636463,59.803773
2018-08-21,0,0,12.502783,56.897019
2018-08-21,0,1,17.117988,60.677217
2018-08-24,0,0,17.846827,59.236906
2018-08-24,1,0,16.528433,59.3947
2018-08-26,0,1,11.892658,57.732745
2018-08-29,0,0,17.832264,59.420527
2018-08-30,0,1,17.922828,59.38708
2018-09-01,0,1,17.010832,58.765625
2018-09-02,0,0,14.977243,56.52488
2018-09-02,0,1,16.214746,58.993837
2018-09-04,1,0,13.019386,55.565469
2018-09-04,0,1,12.703056,56.038103
2018-09-05,0,0,12.70637,56.036368
2018-09-05,0,0,11.886567,57.725405
2018-09-07,0,0,14.983926,59.872392
2018-09-08,0,1,11.892658,57.732745
2018-09-08,0,0,17.931928,59.39047
2018-09-09,0,0,14.15212,56.058369
2018-09-11,0,1,14.136549,57.744566
2018-09-11,0,1,17.949089,59.222944
2018-09-11,0,0,19.179459,65.592582
2018-09-12,0,0,13.150438,55.375187
2018-09-14,0,0,14.141747,56.308082
2018-09-14,0,1,17.979848,59.233925
2018-09-16,0,1,12.551976,57.672628
2018-09-17,0,0,13.090509,55.537838
2018-09-17,0,0,12.714441,56.035619
2018-09-18,0,0,13.155253,55.373462
2018-09-18,0,0,13.029489,55.585405
2018-09-19,0,0,17.900379,59.392343
2018-09-19,0,1,17.821621,59.454902
2018-09-19,0,1,14.983926,59.872392
2018-09-19,0,0,19.36963,68.069008
2018-09-20,1,0,11.88809,57.72724
2018-09-21,1,0,18.094733,59.243822
2018-09-21,0,0,17.992767,59.281255
2018-09-22,0,0,17.674186,59.869495
2018-09-23,0,1,14.193198,57.7656
2018-09-25,0,0,13.007922,55.60393
2018-09-26,0,1,18.029648,59.2813
2018-09-29,0,0,13.106806,55.660319
2018-10-01,0,0,13.023734,55.573628
2018-10-01,0,1,17.935092,59.223261
2018-10-02,0,0,16.49673,59.35465
2018-10-04,0,0,12.034811,57.781992
2018-10-05,0,0,12.503524,56.910515
2018-10-05,0,0,17.004769,58.750448
2018-10-08,0,0,12.034884,57.781095
2018-10-08,0,0,17.843785,59.620648
2018-10-12,0,1,16.518829,59.376849
2018-10-13,0,0,11.89235,57.736333
2018-10-13,0,0,17.009104,58.765652
2018-10-13,0,1,18.132622,59.274368
2018-10-14,0,0,12.674649,57.485343
2018-10-14,0,1,18.00647,59.277344
2018-10-15,0,0,16.529182,59.372237
2018-10-18,0,0,11.910803,57.717011
2018-10-19,0,0,13.976702,56.375114
2018-10-21,1,0,17.941632,59.278826
2018-10-22,0,0,13.034156,55.587277
2018-10-22,0,0,17.914794,59.375578
2018-10-23,0,0,13.020069,55.614911
2018-10-24,0,0,17.909527,59.519466
2018-10-25,0,1,11.89152,57.726426
2018-10-26,0,0,15.920492,58.203175
2018-10-27,0,1,18.074133,59.307216
2018-10-30,0,1,12.01219,57.770676
2018-10-31,0,1,18.011894,59.259246
2018-11-03,0,0,12.990449,55.573087
2018-11-03,0,0,13.050324,55.581244
2018-11-03,0,1,13.032525,55.58815
2018-11-03,0,1,12.110556,57.655223
2018-11-04,0,1,18.011894,59.259246
2018-11-06,0,1,18.142143,59.168094
2018-11-06,0,1,17.878806,59.366493
2018-11-06,0,1,17.858558,59.627515
2018-11-06,0,0,17.624021,59.872301
2018-11-08,0,0,13.019431,55.564571
2018-11-08,0,1,13.001224,55.579554
2018-11-08,0,0,12.980524,55.581013
2018-11-08,0,1,14.148412,57.740155
2018-11-08,1,0,17.645857,59.877255
2018-11-08,0,0,17.645857,59.877255
2018-11-09,0,0,13.051598,55.587555
2018-11-09,0,1,12.844726,55.886976
2018-11-09,0,1,11.972523,57.722098
2018-11-12,1,0,17.957051,59.375525
2018-11-12,0,1,20.309325,63.812577
2018-11-12,0,1,16.579286,59.616838
2018-11-14,1,0,11.894873,57.726508
2018-11-16,0,0,18.030611,59.3316
2018-11-17,0,0,13.039137,55.582863
2018-11-17,0,0,17.617441,59.81134
2018-11-18,0,1,18.208246,59.312966
2018-11-19,0,0,11.904357,57.654835
2018-11-21,0,0,13.033621,55.724775
2018-11-21,1,0,16.502599,59.368055
2018-11-29,0,1,18.101211,59.29579
2018-11-30,0,0,17.628055,59.81023
2018-12-02,0,1,13.025281,55.606008
2018-12-02,0,1,17.975241,59.281657
2018-12-02,0,0,17.853708,59.402987
2018-12-03,0,0,13.003939,55.588586
2018-12-04,0,0,20.306965,63.810864
2018-12-05,0,0,17.842333,59.056392
2018-12-05,0,0,17.636872,59.854076
2018-12-06,0,0,17.830864,59.614639
2018-12-07,0,0,13.053791,55.607363
2018-12-07,0,0,17.923291,59.392461
2018-12-08,0,0,12.971764,55.597046
2018-12-10,0,0,11.927413,57.719213
2018-12-10,0,0,15.186031,59.283182
2018-12-11,0,0,11.996911,57.650777
2018-12-12,1,0,13.005342,55.592204
2018-12-14,0,0,13.015175,55.554616
2018-12-14,0,0,17.906075,59.356004
2018-12-16,1,0,18.09155,59.286134
2018-12-17,0,1,17.900202,59.39028
2018-12-18,0,1,17.890961,59.281759
2018-12-20,0,0,14.903958,63.388684
2018-12-20,0,1,20.277434,67.852596
2018-12-22,0,0,21.050047,66.764964
2018-12-24,0,1,13.050324,55.581244
2018-12-24,0,0,11.922115,58.352718
2018-12-26,0,0,17.902037,59.391138
2019-01-01,0,0,13.081235,55.565554
2019-01-01,0,0,17.812408,59.244843
2019-01-02,0,0,21.241972,64.688467
2019-01-04,0,0,17.832788,59.426805
2019-01-07,0,0,17.624071,59.804919
2019-01-08,0,0,14.057057,57.182541
2019-01-10,0,0,14.057079,57.181643
2019-01-10,0,0,21.291853,65.262846
2019-01-11,1,0,15.40253,60.518274
2019-01-12,1,0,17.909455,59.395466
2019-01-18,0,0,14.474762,56.06825
2019-01-18,0,0,22.161701,65.589033
2019-01-23,0,0,20.335162,63.862911
2019-01-24,0,0,13.19676,55.709305
2019-01-26,0,1,17.838928,59.415889
2019-01-27,0,0,17.92683,59.413048
2019-01-27,0,1,17.912895,59.39449
2019-01-27,0,0,17.828472,59.205857
2019-01-27,0,0,15.402218,60.493134
2019-01-29,0,0,15.402085,60.48236
2019-01-30,1,0,17.832189,59.41963
2019-02-01,0,0,15.675481,58.382548
2019-02-01,0,0,12.941821,57.747858
2019-02-08,1,0,17.833567,59.246181
2019-02-09,0,1,18.012252,59.362579
2019-02-11,0,1,17.650873,59.513286
2019-02-12,0,0,13.01916,55.569959
2019-02-13,0,0,13.050351,55.6127
2019-02-15,0,0,12.972922,55.574596
2019-02-16,1,0,17.703353,59.859017
2019-02-16,0,0,13.397781,55.659071
2019-02-16,0,0,17.905938,59.395544
2019-02-17,0,1,17.922982,59.388873
2019-02-18,0,0,16.185172,58.588132
2019-02-19,0,0,12.849369,55.889754
2019-02-21,1,0,17.637103,59.518056
2019-02-21,1,0,17.805139,59.688869
2019-02-22,0,0,17.926499,59.388794
2019-02-24,0,0,17.829493,59.429572
2019-02-24,0,0,14.15923,57.78065
2019-02-25,0,0,18.052042,59.296044
2019-02-25,0,0,16.185172,58.588132
2019-02-28,0,0,13.015174,55.586072
2019-02-28,0,0,18.028613,59.289411
2019-03-01,0,0,17.918341,59.416833
2019-03-01,0,0,17.314813,62.383082
2019-03-01,0,1,14.253313,57.784832
2019-03-03,0,0,14.088856,57.703809
2019-03-04,0,1,15.643155,58.391696
2019-03-07,0,0,17.633802,59.860427
2019-03-09,0,1,11.927233,58.352841
2019-03-09,1,0,18.008302,59.278201
2019-03-12,0,0,12.917029,56.682655
2019-03-16,0,0,17.694013,59.809794
2019-03-18,0,1,17.124067,60.686102
2019-03-19,0,0,17.948706,62.631595
2019-03-20,0,1,17.886746,59.397767
2019-03-22,0,1,12.84108,55.866241
2019-03-24,0,0,17.870698,59.270526
2019-03-27,0,1,16.247734,59.615025
2019-03-31,0,0,17.827399,59.615612
2019-03-31,0,0,12.024016,57.770055
2019-04-01,0,1,17.92107,59.387119
2019-04-02,0,0,12.203268,57.234004
2019-04-03,0,1,12.703109,56.037206
2019-04-05,0,0,17.983901,59.300329
2019-04-06,0,0,12.893714,56.661594
2019-04-06,0,1,17.812555,59.246637
2019-04-07,0,0,12.929826,57.722504
2019-04-10,0,1,13.044072,55.579347
2019-04-10,1,0,17.922816,59.284642
2019-04-11,0,0,16.51495,59.368811
2019-04-11,0,0,18.02415,59.318271
2019-04-13,1,0,17.917327,59.282069
2019-04-14,0,0,18.091426,59.30411
2019-04-14,0,1,11.960746,57.682269
2019-04-15,0,0,18.05029,59.296094
2019-04-15,0,0,12.012413,57.645752
2019-04-15,0,0,12.012413,57.645752
2019-04-16,0,0,17.137097,60.661645
2019-04-16,0,0,20.24466,64.251312
2019-04-17,0,1,15.23488,59.240896
2019-04-18,0,0,17.642785,59.206171
2019-04-18,0,0,12.033412,57.799036
2019-04-18,0,0,23.765994,65.737645
2019-04-20,0,0,13.102795,59.344048
2019-04-20,0,0,13.018074,55.591512
2019-04-21,1,0,12.722635,56.060037
2019-04-25,1,0,14.162911,59.280625
2019-04-26,0,1,16.216189,58.589639
2019-04-30,0,1,16.488131,59.599942
2019-05-02,0,1,13.587994,56.158338
2019-05-03,0,0,11.97493,57.753613
2019-05-03,0,1,13.059836,55.581395
2019-05-04,0,0,17.644703,59.411884
2019-05-04,0,0,14.791552,56.890353
2019-05-04,0,0,11.897817,57.652877
2019-05-05,0,0,11.944327,57.717825
2019-05-08,0,0,24.134367,65.833509
2019-05-09,0,0,17.636605,59.805567
2019-05-12,0,1,17.666294,59.193112
2019-05-12,0,1,22.763918,65.873436
2019-05-14,0,0,23.85646,66.652215
2019-05-14,0,0,15.123447,56.496969
2019-05-15,0,0,17.623066,59.814822
2019-05-17,0,1,12.073735,57.799974
2019-05-18,0,0,22.793948,66.339544
2019-05-18,0,1,17.91111,59.4763
2019-05-19,0,1,13.058428,55.577778
2019-05-20,0,1,11.890767,57.715621
2019-05-20,0,0,23.000414,65.874752
2019-05-20,0,1,16.518709,59.374156
2019-05-21,0,0,17.331159,62.61809
2019-05-21,0,1,14.136549,57.744566
2019-05-21,0,0,14.23491,57.780231
2019-05-26,1,0,11.986751,57.752996
2019-05-26,0,1,17.931928,59.39047
2019-05-27,0,0,17.624212,59.806713
2019-05-28,1,0,12.044218,57.810972
2019-05-28,0,0,16.033453,64.41262
2019-05-31,0,0,14.117637,56.021287
2019-06-02,0,0,17.628055,59.81023
2019-06-02,0,0,18.106556,59.123119
2019-06-02,0,0,14.961446,57.667558
2019-06-03,0,0,11.974217,57.681693
2019-06-03,0,1,13.08425,55.633905
2019-06-03,0,0,17.911149,59.415196
2019-06-04,0,1,17.62229,59.804955
2019-06-04,0,0,18.093222,59.285196
2019-06-05,0,0,12.296423,57.70337
2019-06-06,1,0,13.002125,55.59305
2019-06-06,0,0,12.309389,58.273385
2019-06-07,0,0,12.981095,55.600795
2019-06-07,0,1,13.946299,55.536505
2019-06-09,0,0,16.357223,56.70346
2019-06-10,0,1,17.622713,59.810337
2019-06-10,0,0,17.641932,59.872841
2019-06-10,1,0,12.977261,55.582756
2019-06-10,0,0,12.978708,55.585476
2019-06-10,0,0,17.911137,59.39453
2019-06-10,0,1,18.04652,59.253947
2019-06-11,0,1,15.692027,59.827472
2019-06-11,0,0,12.890787,56.670171
2019-06-11,0,0,22.124827,65.607908
2019-06-15,0,0,14.17974,56.04328
2019-06-16,0,0,15.571536,58.405508
2019-06-18,0,1,17.914514,59.413324
2019-06-19,0,0,21.768365,66.904233
2019-06-19,0,0,12.05816,57.598291
2019-06-19,0,1,17.620792,59.808578
2019-06-20,0,0,17.643574,59.871012
2019-06-20,0,0,15.175672,59.316423
2019-06-22,0,2,15.580372,58.422534
2019-06-22,0,0,17.763945,62.93086
2019-06-23,0,1,16.522427,59.613918
2019-06-24,0,0,17.733761,66.95244
2019-06-25,0,0,17.552993,59.854831
2019-06-25,0,1,16.545129,59.645088
2019-06-25,0,0,20.045688,64.970763
2019-06-27,0,0,14.749812,63.627224
2019-06-28,0,0,16.512232,59.386805
2019-06-30,0,0,18.228992,59.235164
2019-06-30,0,1,17.80854,59.453387
2019-06-30,1,0,17.94391,59.427041
2019-06-30,1,0,17.875682,59.350388
2019-06-30,0,0,17.94391,59.427041
2019-07-01,0,0,20.325517,63.833574
2019-07-02,0,1,14.80624,56.906547
2019-07-03,0,0,19.469301,64.91365
2019-07-04,0,0,17.862427,59.401898
2019-07-05,0,0,17.894774,59.388604
2019-07-05,0,0,14.15862,56.054819
2019-07-06,0,0,18.075621,59.343126
2019-07-08,1,0,15.416663,60.484111
2019-07-10,0,1,17.916676,59.212893
2019-07-11,0,0,20.325534,63.855169
2019-07-11,0,0,20.203339,63.856029
2019-07-11,0,0,17.819189,59.242
2019-07-11,0,1,17.017066,58.753849
2019-07-12,0,0,18.617319,64.466905
2019-07-12,0,1,16.501529,59.622243
2019-07-14,0,0,17.361053,62.50354
2019-07-15,0,0,13.051865,55.582167
2019-07-16,0,1,11.88306,57.727116
2019-07-16,0,1,11.884274,57.732539
2019-07-16,0,1,13.01377,55.582455
2019-07-21,0,0,18.866195,59.409255
2019-07-22,0,1,13.005297,55.593102
2019-07-22,0,0,18.207217,59.208742
2019-07-26,0,0,16.193526,58.580869
2019-07-26,0,0,17.020833,58.75918
2019-07-27,0,0,12.726828,56.016075
2019-07-27,0,0,18.130786,59.139611
2019-07-28,0,0,17.630403,59.27291
2019-07-29,0,1,12.842427,55.870759
2019-07-30,0,1,13.571143,59.413791
2019-07-31,0,0,17.121904,61.207946
2019-07-31,0,0,13.514518,59.379029
2019-08-01,0,0,17.830304,59.614938
2019-08-03,0,0,17.926421,59.387897
2019-08-04,0,0,16.19374,58.587155
2019-08-05,0,1,12.98257,55.572059
2019-08-05,0,0,14.615464,58.988185
2019-08-05,0,0,17.879914,59.275714
2019-08-06,0,1,16.608062,59.62547
2019-08-07,0,1,13.017439,55.572628
2019-08-07,0,1,16.509261,59.597006
2019-08-07,1,0,17.907159,59.389227
2019-08-07,0,1,17.637103,59.518056
2019-08-09,0,0,12.917205,57.737572
2019-08-10,0,0,13.050413,55.579448
2019-08-10,0,1,13.046975,55.584786
2019-08-14,0,1,12.973749,57.717824
2019-08-17,0,0,12.782916,56.658771
2019-08-17,0,0,17.622995,59.813925
2019-08-18,0,0,11.628843,58.505318
2019-08-18,0,0,11.965719,57.703061
2019-08-19,1,0,18.056428,59.384016
2019-08-19,0,0,17.643953,59.515223
2019-08-21,0,0,14.252002,57.766859
2019-08-21,0,1,17.625851,59.804884
2019-08-23,0,0,17.641505,59.86746
2019-08-24,0,1,17.694013,59.809794
2019-08-25,0,0,18.132426,59.157545
2019-08-25,0,1,17.040192,59.382312
2019-08-26,0,1,16.530901,59.371319
2019-08-26,1,0,12.973118,55.601562
2019-08-27,0,0,12.307686,58.273349
2019-08-28,0,0,14.070605,57.170065
2019-08-28,0,0,17.117043,60.690704
2019-08-28,1,0,17.886753,59.356433
2019-08-29,0,1,17.691015,59.861066
2019-08-31,0,0,18.265807,59.289966
2019-09-04,0,0,17.62742,59.802157
2019-09-04,0,0,12.719266,56.062671
2019-09-04,0,0,12.846323,55.887004
2019-09-05,0,0,17.934105,59.293374
2019-09-06,0,1,18.033721,59.327035
2019-09-07,1,0,18.172168,59.133214
2019-09-08,0,0,19.820969,66.957553
2019-09-08,0,0,17.556353,59.852071
2019-09-08,0,0,18.121564,59.306986
2019-09-09,0,0,13.958973,55.536613
2019-09-09,0,1,13.822883,58.706769
2019-09-11,0,0,23.493506,65.857089
2019-09-14,0,0,17.918662,59.522856
2019-09-15,0,0,13.016171,55.566316
2019-09-15,0,0,15.189536,59.282279
2019-09-16,0,0,11.944062,58.35594
2019-09-16,0,0,17.565476,59.854589
2019-09-16,0,1,13.051954,55.580371
2019-09-18,0,0,14.466657,56.073606
2019-09-18,0,2,12.892034,56.662464
2019-09-18,0,0,16.475853,59.602776
2019-09-19,0,0,13.09252,55.59449
2019-09-19,0,1,17.61402,59.813205
2019-09-21,0,1,17.578864,59.194877
2019-09-22,0,0,12.870283,56.671979
2019-09-22,0,0,12.784124,56.665982
2019-09-22,0,0,21.334478,65.288076
2019-09-22,0,0,18.056107,59.536789
2019-09-24,0,0,16.475515,59.352198
2019-09-24,0,0,16.208752,58.573541
2019-09-25,0,0,17.650996,59.874456
2019-09-25,0,0,17.674045,59.872193
2019-09-27,0,1,17.856788,59.627554
2019-09-27,0,0,17.932665,59.400625
2019-09-30,0,1,14.167093,56.03421
2019-10-02,0,0,17.605476,59.176376
2019-10-03,0,1,18.082252,59.299835
2019-10-05,0,0,13.84343,58.398869
2019-10-07,0,0,17.92505,59.392421
2019-10-07,1,0,18.092045,59.252872
2019-10-08,1,0,16.639434,57.740493
2019-10-12,1,0,17.854853,59.730027
2019-10-13,0,1,18.258237,59.394406
2019-10-17,0,0,15.238511,59.25885
2019-10-17,0,1,14.263621,57.774113
2019-10-19,0,1,17.808906,59.244919
2019-10-20,0,0,17.626284,59.196623
2019-10-21,0,0,11.838679,58.348885
2019-10-23,0,0,13.803504,58.365267
2019-10-23,0,0,16.476761,59.421341
2019-10-23,0,1,16.474003,59.601
2019-10-23,0,0,17.049027,60.485189
2019-10-28,0,0,17.886088,59.265693
2019-10-31,1,0,13.00852,55.560799
2019-11-01,0,1,10.539105,57.73631
2019-11-01,0,0,12.926317,57.725142
2019-11-01,0,0,22.083317,65.788406
2019-11-02,0,1,17.558067,59.851139
2019-11-03,0,0,12.896468,56.660787
2019-11-04,0,0,17.701498,59.814132
2019-11-04,0,0,13.978039,59.41761
2019-11-09,0,1,18.062686,59.336242
2019-11-09,1,0,13.008605,55.590459
2019-11-10,0,1,18.014736,59.33107
2019-11-11,0,1,18.001315,59.358338
2019-11-11,0,1,13.006162,55.57604
2019-11-12,0,0,13.017665,55.568138
2019-11-12,0,0,13.034201,55.586379
2019-11-12,0,0,17.886164,59.26659
2019-11-15,0,0,14.781735,56.884946
2019-11-15,0,1,17.588762,59.209954
2019-11-16,0,0,12.831199,55.87146
2019-11-18,0,0,17.639935,59.870186
2019-11-19,0,1,11.892658,57.732745
2019-11-21,0,0,15.232103,59.605492
2019-11-21,0,0,12.893679,56.251803
2019-11-21,0,0,17.856788,59.627554
2019-11-22,0,0,17.829094,59.614677
2019-11-23,0,0,17.924606,59.407707
2019-11-24,0,0,14.808154,56.853547
2019-11-25,0,1,15.580401,58.42433
2019-11-25,0,0,18.224081,59.238881
2019-11-28,0,1,18.017837,59.257392
2019-11-29,0,0,13.04262,55.576627
2019-12-01,0,0,16.542409,59.624462
2019-12-01,0,0,12.923064,57.723292
2019-12-02,1,0,13.01925,55.568163
2019-12-03,0,1,16.538679,59.348773
2019-12-03,0,1,16.606418,59.628184
2019-12-03,0,0,14.798117,56.890364
2019-12-04,0,1,16.213291,59.001934
2019-12-05,2,0,16.181945,58.59445
2019-12-05,0,0,14.135342,56.018717
2019-12-05,1,0,13.056742,55.611903
2019-12-06,0,0,14.153745,56.057481
2019-12-08,0,0,17.514333,59.578871
2019-12-08,0,0,16.53816,59.647864
2019-12-09,0,1,17.92787,59.384271
2019-12-12,0,1,13.787273,56.170338
2019-12-12,1,0,17.253527,62.391272
2019-12-13,0,1,16.506242,59.608717
2019-12-13,0,1,17.642862,59.862042
2019-12-13,0,0,17.949425,59.429613
2019-12-15,0,1,17.552306,59.845861
2019-12-19,0,1,17.603514,59.838569
2019-12-19,0,0,12.743673,56.029866
2019-12-19,1,0,14.15539,56.055695
2019-12-21,0,0,12.853648,55.985994
2019-12-22,0,1,12.728483,56.015207
2019-12-23,0,0,12.957337,55.995844
2019-12-25,0,0,22.103024,65.573763
2019-12-25,0,1,17.822839,59.243718
2019-12-26,0,1,18.125387,59.137944
2019-12-26,0,1,17.140116,60.67956
2019-12-26,0,0,21.619314,67.679311
2019-12-26,1,0,12.062478,57.515705
2019-12-28,0,0,18.255129,59.325283
2019-12-29,1,0,11.894042,57.716601
2019-12-30,0,0,13.307522,55.834898
2019-12-31,1,0,17.928566,59.392342
2020-01-03,0,0,17.614249,59.199561
2020-01-03,0,0,17.614249,59.199561
2020-01-05,0,0,17.827399,59.615612
2020-01-06,0,0,16.218226,58.993804
2020-01-07,0,0,12.836937,55.883245
2020-01-07,0,1,17.535783,59.839892
2020-01-08,0,0,11.923665,58.354552
2020-01-08,0,0,12.833943,55.879597
2020-01-08,0,0,12.829852,55.866943
2020-01-09,0,1,17.934773,59.402986
2020-01-10,0,0,12.029387,57.80703
2020-01-11,0,1,12.031894,57.776531
2020-01-11,0,1,17.930599,59.293453
2020-01-12,0,0,12.031894,57.776531
2020-01-14,0,1,16.756136,60.622281
2020-01-14,0,1,18.148428,59.21737
2020-01-15,0,0,16.486448,59.320638
2020-01-17,0,0,12.098196,57.788853
2020-01-17,1,0,18.132613,59.140466
2020-01-18,0,0,17.862033,59.250949
2020-01-18,0,0,17.912902,59.271385
2020-01-18,0,0,20.014455,67.038795
2020-01-23,0,0,17.936841,59.223222
2020-01-24,0,1,15.568489,58.428874
2020-01-24,0,1,16.277768,60.541501
2020-01-25,0,0,17.851311,59.562979
2020-01-25,0,1,16.445933,57.268496
2020-01-25,0,1,17.009104,58.765652
2020-01-26,0,1,16.590086,59.6203
2020-01-26,0,1,11.945826,57.680112
2020-01-27,1,0,14.14651,56.02149
2020-01-30,1,0,17.022062,63.031429
2020-01-30,0,1,17.632902,59.803844
2020-01-31,0,0,17.864868,59.409931
2020-02-01,0,0,13.072034,55.559119
2020-02-02,0,1,16.189813,58.57282
2020-02-02,0,0,14.154315,56.031428
2020-02-04,0,0,14.154315,56.031428
2020-02-04,1,0,12.847069,55.873536
2020-02-06,0,0,14.146754,57.739245
2020-02-06,0,1,17.879469,59.249665
2020-02-06,1,0,17.947587,59.428755
2020-02-08,0,0,16.773066,60.631038
2020-02-09,0,0,18.104227,59.290326
2020-02-10,0,0,18.064609,59.532995
2020-02-11,0,0,17.460917,59.186383
2020-02-11,0,0,13.40942,57.161629
2020-02-11,0,1,17.830864,59.614639
2020-02-12,0,0,16.472038,59.353135
2020-02-15,0,1,12.031731,57.798997
2020-02-15,1,0,15.578645,58.421643
2020-02-17,0,0,16.486338,59.358362
2020-02-20,0,0,17.841866,59.198376
2020-02-22,0,0,17.529334,59.849
2020-02-22,0,0,15.193122,59.295744
2020-02-27,0,0,14.827655,63.433486
2020-03-01,0,1,17.838617,59.37007
2020-03-01,0,0,11.925046,57.667924
2020-03-02,0,0,17.753342,59.620784
2020-03-02,0,1,18.1039,59.286739
2020-03-02,0,1,17.924125,59.299888
2020-03-04,0,0,17.979927,59.234822
2020-03-06,0,0,14.226753,57.768504
2020-03-07,0,0,17.135447,60.664366
2020-03-09,0,0,17.900356,59.392074
2020-03-09,0,0,17.931022,59.400374
2020-03-10,1,0,12.98257,55.572059
2020-03-10,0,0,13.607243,56.160353
2020-03-11,1,0,11.884351,57.731642
2020-03-11,0,1,16.517153,59.614878
2020-03-12,0,1,12.035004,57.820643
2020-03-13,0,1,17.900117,62.932617
2020-03-15,0,0,17.960869,59.217285
2020-03-17,1,0,17.890264,59.39769
2020-03-18,0,1,13.946107,55.543692
2020-03-18,0,1,17.941234,59.375883
2020-03-18,0,1,16.400173,60.29422
2020-03-19,0,0,13.742894,56.541884
2020-03-19,0,0,18.230911,59.236914
2020-03-19,0,0,17.944515,59.373113
2020-03-19,0,0,12.958192,56.131562
2020-03-20,0,1,17.634316,59.209937
2020-03-22,1,0,13.022013,55.576297
2020-03-23,0,1,17.918155,59.373706
2020-03-24,0,1,18.092489,59.277125
2020-03-25,0,0,17.936039,59.376898
2020-03-27,1,0,18.060144,59.347085
2020-03-28,0,0,17.59822,60.159398
2020-03-29,0,0,17.638941,59.201757
2020-03-30,0,0,13.017614,55.474666
2020-03-30,0,0,17.629271,59.803018
2020-03-30,0,0,20.499239,64.759405
2020-04-01,0,0,16.479395,59.602736
2020-04-04,0,0,16.472272,59.601918
2020-04-05,0,0,11.908161,57.649536
2020-04-06,0,1,16.394418,58.65879
2020-04-09,1,0,16.158399,58.610832
2020-04-12,0,0,17.946982,59.523119
2020-04-13,0,1,17.117102,60.691602
2020-04-13,0,0,17.936039,59.376898
2020-04-14,1,0,17.852676,59.369764
2020-04-14,0,0,11.912494,57.657731
2020-04-15,0,0,12.037054,57.816197
2020-04-15,0,0,20.386214,64.868845
2020-04-15,1,0,18.19926,59.254772
2020-04-19,0,1,17.921474,59.41227
2020-04-19,0,0,16.563674,59.62421
2020-04-20,0,1,13.595847,57.172838
2020-04-20,0,0,14.146796,57.737449
2020-04-22,0,0,17.823859,59.615688
2020-04-23,0,0,13.097147,55.597258
2020-04-25,0,0,17.922432,59.280157
2020-04-26,0,0,17.816576,59.25284
2020-04-27,0,1,13.916475,56.100553
2020-04-29,0,0,12.95109,56.686814
2020-05-01,0,0,14.414002,56.050006
2020-05-03,1,0,12.008814,57.730151
2020-05-03,0,1,18.069519,59.314514
2020-05-03,0,0,17.271989,62.200591
2020-05-05,0,0,17.934515,59.440732
2020-05-06,1,0,17.808418,59.409361
2020-05-06,0,0,18.084564,59.519047
2020-05-11,0,0,17.812334,59.243946
2020-05-14,0,1,17.607185,59.198804
2020-05-14,1,0,14.150071,57.741064
2020-05-16,0,0,17.848716,59.616049
2020-05-16,0,0,17.836234,59.425832
2020-05-17,0,1,18.257387,59.293772
2020-05-18,0,0,18.231081,59.238707
2020-05-19,0,1,17.795732,59.405141
2020-05-19,0,0,14.061996,57.183476
2020-05-20,0,1,17.900586,59.394765
2020-05-20,1,0,12.739469,56.046865
2020-05-21,0,1,15.166761,59.290392
2020-05-23,0,0,14.304008,56.982021
2020-05-24,0,0,17.923291,59.392461
2020-05-25,0,1,14.067094,57.178124
2020-05-28,0,1,13.56722,58.172044
2020-05-28,0,1,11.809071,58.070422
2020-05-28,0,1,12.771007,58.236359
2020-05-29,0,0,11.977567,57.681773
2020-05-29,0,1,18.123123,59.266508
2020-05-30,0,0,12.525433,57.938635
2020-05-31,0,1,17.945065,59.426117
2020-06-04,0,0,19.691552,63.586704
2020-06-05,0,0,17.64391,59.198062
2020-06-05,0,0,12.553208,56.874292
2020-06-07,0,0,17.089653,60.692033
2020-06-07,0,0,17.784833,59.722546
2020-06-08,1,0,17.040983,58.748981
2020-06-09,0,1,17.129132,60.651892
2020-06-10,0,0,17.943567,59.402787
2020-06-11,0,0,14.314682,56.399006
2020-06-11,0,0,14.31149,56.396293
2020-06-12,0,0,17.629483,59.805709
2020-06-12,0,0,15.641063,56.175522
2020-06-14,0,0,12.290386,57.604386
2020-06-16,0,0,17.603687,59.198874
2020-06-17,0,1,17.835483,59.416863
2020-06-17,0,0,17.897222,59.396637
2020-06-18,0,0,17.844318,59.185742
2020-06-20,0,1,17.950519,59.442168
2020-06-20,1,0,18.028374,59.286721
2020-06-21,0,0,18.096606,59.34173
2020-06-21,0,0,13.730763,58.248691
2020-06-21,0,0,12.928815,57.710807
2020-06-25,0,0,13.056133,55.592121
2020-06-25,0,0,12.799263,56.011997
2020-06-25,0,1,18.00846,59.279994
2020-06-26,0,0,16.470241,59.352257
2020-06-27,0,1,15.232091,59.603697
2020-06-27,0,0,17.392379,59.806643
2020-06-27,0,0,12.853568,56.678881
2020-06-28,1,0,16.53523,59.389231
2020-06-28,0,0,17.62222,59.804058
2020-06-29,0,0,16.763196,60.617698
2020-06-29,0,0,17.151031,60.678487
2020-06-29,0,1,18.138568,59.167282
2020-06-30,0,0,17.919406,59.408722
2020-07-01,0,1,18.069792,59.278562
2020-07-03,0,0,17.884835,59.396013
2020-07-04,0,0,11.952048,58.34265
2020-07-04,0,0,12.978081,57.730472
2020-07-04,0,0,12.929775,57.723402
2020-07-05,0,0,12.896725,56.666138
2020-07-06,0,1,17.926784,59.289944
2020-07-09,0,0,17.654421,59.87259
2020-07-12,0,0,15.517017,58.421907
2020-07-14,0,1,16.491455,59.354711
2020-07-15,0,0,13.007656,55.577862
2020-07-15,1,0,17.845947,59.373505
2020-07-15,0,0,11.928405,57.727326
2020-07-17,0,1,16.54051,59.389169
2020-07-17,0,0,17.93017,59.390509
2020-07-20,0,0,17.66127,59.868858
2020-07-22,0,0,17.816428,59.251046
2020-07-22,0,1,18.226594,59.246907
2020-07-22,0,1,12.042537,57.810933
2020-07-23,0,1,17.133143,60.657217
2020-07-23,0,0,14.584069,56.06058
2020-07-24,0,0,17.81438,59.247496
2020-07-24,0,1,17.596601,59.174757
2020-07-25,0,1,17.927505,59.400453
2020-07-28,0,0,18.127378,59.140592
2020-07-28,0,0,13.003493,55.56611
2020-07-29,0,1,17.839625,59.361063
2020-07-30,0,0,13.142299,55.380456
2020-07-30,0,0,13.175384,55.381853
2020-07-30,0,0,13.175384,55.381853
2020-07-31,0,0,17.836249,59.194006
2020-07-31,0,1,17.660131,59.876967
2020-08-01,0,1,13.048516,55.585709
2020-08-02,1,0,17.82772,59.23912
2020-08-03,0,0,13.573357,59.403038
2020-08-03,0,0,13.316787,55.842215
2020-08-04,0,0,15.402196,60.491339
2020-08-05,0,0,17.143774,60.679501
2020-08-05,0,0,13.190033,55.372185
2020-08-06,0,1,17.909301,59.393672
2020-08-07,0,0,17.94391,59.427041
2020-08-08,0,1,17.136383,60.650878
2020-08-09,0,0,16.220285,58.559061
2020-08-10,0,0,16.279661,60.543278
2020-08-10,0,1,15.526595,59.402587
2020-08-10,0,0,17.949244,59.224738
2020-08-10,0,1,21.635141,65.523808
2020-08-10,0,0,15.166779,59.293985
2020-08-11,0,0,17.958886,59.376382
2020-08-12,0,0,11.988876,57.747654
2020-08-12,0,0,18.012044,59.28081
2020-08-12,0,0,17.941389,59.377676
2020-08-13,1,0,17.930015,59.388715
2020-08-14,0,0,14.255216,57.774064
2020-08-14,0,0,18.129205,59.141446
2020-08-15,0,1,17.909786,59.440387
2020-08-16,0,1,15.643155,58.391696
2020-08-17,0,0,17.617582,59.813134
2020-08-18,0,0,17.818774,59.618493
2020-08-19,0,0,18.255549,59.292919
2020-08-20,1,0,17.8908,59.383301
2020-08-20,0,1,11.981642,57.753773
2020-08-21,0,0,16.50396,59.359058
2020-08-23,0,1,15.39484,60.485075
2020-08-23,0,0,18.172331,59.172752
2020-08-23,0,0,11.891674,57.724632
2020-08-24,1,0,18.13345,59.359721
2020-08-26,0,0,16.507756,59.365301
2020-08-26,0,0,14.708467,57.650161
2020-08-26,0,0,18.253625,59.29117
2020-08-27,1,0,17.921242,59.409579
2020-08-28,0,0,17.940767,59.370502
2020-08-28,0,1,18.003877,59.347496
2020-08-30,0,1,17.905456,59.513266
2020-08-31,0,0,17.839825,59.237059
2020-09-02,0,1,14.160109,56.06022
2020-09-04,0,0,11.916603,57.648843
2020-09-04,0,1,24.133099,65.829966
2020-09-04,0,0,14.160148,56.058423
2020-09-07,0,0,17.921063,59.284681
2020-09-07,0,1,17.867961,59.363138
2020-09-09,0,0,17.834253,59.612768
2020-09-10,0,1,21.462063,65.343002
2020-09-11,0,0,12.78401,57.552907
2020-09-11,0,0,12.941621,57.721798
2020-09-11,0,0,13.184827,56.579915
2020-09-12,0,0,14.248268,57.784802
2020-09-12,0,0,11.89252,57.714766
2020-09-12,0,0,17.96103,59.340389
2020-09-14,0,1,12.974507,55.574622
2020-09-14,1,0,18.15176,59.215492
2020-09-15,0,1,16.12452,58.574306
2020-09-17,1,0,18.038818,59.305349
2020-09-17,0,0,18.10267,59.234646
2020-09-17,0,0,17.558908,59.091947
2020-09-17,1,0,16.502559,59.367158
2020-09-17,0,0,17.830691,59.35946
2020-09-17,1,0,17.02099,58.761873
2020-09-18,0,0,12.9774,55.580062
2020-09-18,0,0,17.835886,59.358449
2020-09-20,0,0,17.964002,59.374468
2020-09-21,0,0,17.688632,59.499037
2020-09-23,0,0,12.942433,57.737086
2020-09-24,0,1,17.904026,59.39379
2020-09-24,0,1,12.106363,57.349549
2020-09-25,0,0,13.016397,55.561826
2020-09-25,0,0,18.237181,59.247543
2020-09-25,0,0,18.209154,59.229365
2020-09-27,0,1,13.016216,55.565418
2020-09-27,0,0,11.894181,57.73458
2020-09-28,0,0,11.909249,57.557883
2020-09-29,0,1,17.426821,62.789606
2020-10-01,1,0,17.819942,59.61128
2020-10-02,0,0,17.839825,59.237059
2020-10-03,0,1,18.022164,59.256312
2020-10-05,0,1,11.925293,58.35549
2020-10-05,0,1,11.887184,57.71823
2020-10-07,0,0,17.638941,59.201757
2020-10-07,0,0,11.894181,57.73458
2020-10-07,0,1,17.914591,59.414221
2020-10-09,0,1,12.982143,57.778156
2020-10-09,0,1,12.477517,56.906397
2020-10-10,0,0,18.012252,59.362579
2020-10-11,0,1,18.035539,59.268582
2020-10-11,0,0,17.95189,59.214793
2020-10-12,0,0,14.446744,56.787784
2020-10-12,0,0,13.039002,55.585557
2020-10-12,0,1,18.027815,59.260674
2020-10-13,0,1,13.016262,55.56452
2020-10-16,0,0,18.003756,59.286393
2020-10-16,0,0,18.33488,59.403253
2020-10-17,0,1,17.589492,59.196462
2020-10-17,1,0,17.601708,59.172858
2020-10-19,0,0,16.545788,59.62083
2020-10-20,0,0,13.032615,55.586353
2020-10-20,0,0,17.634592,59.213526
2020-10-21,0,0,14.66236,63.174711
2020-10-22,0,1,15.189636,59.300239
2020-10-22,0,0,11.893812,57.719292
2020-10-23,0,0,18.363192,59.741351
2020-10-24,0,0,17.995544,59.292873
2020-10-26,0,0,18.097257,59.232978
2020-10-27,0,0,13.038375,55.598129
2020-10-28,1,0,21.708745,65.817082
2020-10-31,0,0,19.388667,63.54685
2020-10-31,0,0,17.856254,59.621276
2020-11-01,0,0,14.791522,56.895743
2020-11-02,1,0,17.894009,59.358968
2020-11-03,0,0,20.646292,64.52524
2020-11-03,1,0,12.938062,57.725334
2020-11-04,0,1,11.616434,58.491509
2020-11-04,1,0,18.122521,59.279104
2020-11-10,0,0,17.998703,59.328744
2020-11-11,0,1,18.08248,59.244113
2020-11-11,0,0,13.019431,55.564571
2020-11-14,0,0,14.063809,57.177201
2020-11-15,1,0,17.896219,59.281642
2020-11-16,0,0,17.696362,59.263474
2020-11-17,0,0,17.846527,59.233318
2020-11-18,0,0,16.440855,57.265859
2020-11-20,0,0,17.684131,59.197237
2020-11-20,0,0,17.851475,59.627669
2020-11-21,1,0,17.730248,59.48919
2020-11-21,0,0,17.62962,59.21722
2020-11-26,0,0,17.134615,60.651805
2020-11-26,0,1,12.98574,55.572111
2020-11-29,0,0,15.145013,59.12967
2020-11-29,0,0,16.235357,59.567544
2020-12-01,0,0,18.123097,59.285381
2020-12-01,0,0,17.643271,59.32566
2020-12-03,1,0,18.251958,59.29211
2020-12-04,0,1,17.947339,59.222984
2020-12-07,1,0,17.354789,62.399474
2020-12-08,0,0,17.832489,59.423218
2020-12-11,0,0,18.003848,59.26752
2020-12-11,0,0,17.886746,59.397767
2020-12-16,0,1,17.88194,59.361931
2020-12-17,0,0,17.846752,59.236009
2020-12-17,0,0,18.123097,59.285381
2020-12-19,0,0,18.123097,59.285381
2020-12-21,0,0,17.132787,60.651834
2020-12-22,0,0,13.7618,56.1611
2020-12-22,0,1,16.517391,59.384051
2020-12-22,0,0,16.622193,59.587573
2020-12-25,0,1,11.927108,57.722801
2020-12-26,0,1,17.706768,59.813126
2020-12-27,0,0,17.925178,59.516421
2020-12-29,0,1,17.927118,59.395969
2020-12-29,1,0,17.903949,59.392893
2020-12-30,0,0,14.80306,56.886778
2020-12-31,1,0,13.047019,55.583888
2021-01-01,0,1,18.025905,59.258921
2021-01-01,0,0,18.017137,59.298664
2021-01-01,0,0,13.823388,55.937062
2021-01-02,0,0,17.605162,59.195251
2021-01-03,0,0,11.894042,57.716601
2021-01-04,0,1,15.193147,59.300234
2021-01-05,0,0,17.615998,59.199525
2021-01-05,0,1,11.934862,57.670859
2021-01-13,0,2,11.887184,57.71823
2021-01-14,0,0,15.838095,59.392876
2021-01-24,0,0,17.848502,59.23597
2021-01-24,0,0,17.926784,59.289944
2021-01-24,0,0,12.124182,57.948518
2021-01-25,0,1,16.53816,59.647864
2021-01-28,0,0,18.010415,59.361723
2021-01-29,0,0,16.469104,59.366641
2021-02-01,0,1,12.708293,56.031011
2021-02-02,1,0,18.008738,59.36266
2021-02-02,0,0,12.895345,56.661622
2021-02-08,1,0,17.897069,59.394843
2021-02-09,0,1,15.617221,56.19541
2021-02-12,0,0,17.619152,59.19497
2021-02-14,0,2,17.84335,59.426575
2021-02-16,0,1,17.973682,59.364363
2021-02-21,0,0,15.201863,59.289445
2021-02-22,0,1,16.54002,59.611018
2021-02-26,0,0,17.924663,59.387937
2021-03-03,0,0,17.838074,59.237097
2021-03-03,0,0,18.060126,59.249134
2021-03-04,0,0,18.053052,59.873833
2021-03-05,0,0,18.005588,59.287249
2021-03-06,0,0,18.168423,59.168354
2021-03-08,0,1,11.674032,58.463355
2021-03-13,0,0,17.945215,59.381184
2021-03-15,0,0,17.699638,59.901319
2021-03-15,0,0,12.042537,57.810933
2021-03-20,0,0,13.016529,55.716412
2021-03-25,0,0,13.34078,57.475201
2021-04-07,0,0,16.955981,64.105195
2021-04-10,0,0,18.120426,59.466973
2021-04-13,0,0,12.937354,57.708251
2021-04-23,0,1,16.535197,59.621853
2021-04-23,1,0,12.990174,55.578475
2021-04-26,0,0,15.580416,58.425228
2021-04-27,0,0,16.193924,58.592542
2021-04-29,0,1,12.857136,56.673551
2021-05-02,0,0,17.941886,59.403724
2021-05-03,0,0,13.970962,57.659786
2021-05-04,1,0,17.843176,59.235188
2021-05-05,0,0,15.219606,56.833737
2021-05-07,0,1,18.032511,59.254274
2021-05-10,0,0,13.792075,56.171283
2021-05-13,0,0,16.210069,58.561852
2021-05-14,0,0,17.834653,59.364765
2021-05-15,0,0,17.695793,59.809757
2021-05-15,0,0,17.826638,59.24723
2021-05-16,0,0,17.807229,59.245853
2021-05-17,0,0,17.846198,59.250398
2021-05-23,0,0,17.893488,59.518024
2021-05-23,0,0,13.01223,55.581531
2021-05-24,0,0,18.012172,59.361682
2021-05-24,1,0,17.581684,59.185836
2021-05-26,0,0,21.527676,65.095079
2021-05-29,0,0,11.888321,57.724549
2021-05-30,0,1,12.993619,55.573139
2021-05-30,1,0,12.020806,57.768182
2021-05-31,1,0,17.884911,59.396909
2021-05-31,1,0,17.924683,59.408604
2021-06-02,0,0,16.225606,56.623961
2021-06-03,0,0,13.102258,55.655755
2021-06-06,0,0,17.907543,59.393711
2021-06-07,0,0,17.893933,59.275403
2021-06-08,0,0,17.858832,59.254613
2021-06-11,0,0,16.510912,63.619501
2021-06-14,0,1,16.434936,59.723577
2021-06-15,0,1,17.902852,59.524107
2021-06-15,0,0,11.926267,57.69312
2021-06-18,0,0,17.630886,59.210905
2021-06-19,0,0,14.152809,56.026925
2021-06-22,0,0,17.74685,59.497827
2021-06-24,0,0,13.731182,56.551649
2021-06-26,0,0,24.094343,65.851292
2021-06-27,0,0,17.634592,59.213526
2021-06-28,0,0,13.137855,55.843231
2021-06-30,1,0,11.890767,57.715621
2021-07-03,0,0,13.571634,59.402121
2021-07-07,0,1,18.136103,59.140381
2021-07-08,0,0,15.621252,58.410666
2021-07-09,1,0,11.934635,57.673549
2021-07-10,0,1,17.9054,59.389266
2021-07-10,0,0,12.979031,55.57919
2021-07-10,0,0,13.011004,55.605777
2021-07-13,0,0,12.979031,55.57919
2021-07-15,0,0,17.918817,59.52465
2021-07-18,0,0,15.289909,56.17325
2021-07-19,0,0,13.343725,55.659252
2021-07-25,0,1,17.900586,59.394765
2021-07-30,0,1,16.54076,59.627176
2021-07-31,0,0,17.897222,59.396637
2021-08-02,0,0,17.616849,59.507682
2021-08-05,1,1,15.641461,58.392603
2021-08-06,0,0,17.900662,59.395662
2021-08-09,1,0,16.987975,59.632833
2021-08-09,0,1,12.013844,57.791386
2021-08-15,1,0,12.740285,56.060361
2021-08-15,0,0,12.007017,57.711235
2021-08-16,2,0,17.912895,59.39449
2021-08-16,0,0,12.883165,57.658837
2021-08-21,1,0,13.01259,55.605803
2021-08-25,1,0,15.580431,58.426126
2021-08-26,0,1,17.942257,59.590618
2021-08-29,0,0,17.985969,59.303876
2021-08-30,1,1,17.88667,59.396871
2021-09-03,0,2,18.130786,59.139611
2021-09-14,0,1,17.58472,59.202847
2021-09-15,1,0,17.617652,59.814031
2021-09-15,0,1,15.56134,58.410044
2021-09-18,0,0,20.446385,64.518387
2021-09-22,0,1,16.331749,56.675882
2021-10-05,0,0,16.328217,57.08472
2021-10-06,1,0,15.571085,58.377667
2021-10-08,0,0,16.50419,59.602453
2021-10-17,0,1,18.127542,59.142385
2021-11-01,0,1,12.988818,55.573959
2021-11-03,0,0,12.845422,55.874406
2022-01-22,1,0,13.017982,55.561851
2022-01-18,0,0,12.719358,56.033912
2022-02-08,0,0,16.520789,59.381317
2022-02-11,1,0,16.370547,56.665577
2022-02-14,0,0,13.003711,55.593076
2022-02-04,1,0,12.94177,57.748755
2022-02-07,0,0,13.39245,55.595195
2022-02-01,0,0,15.633311,60.583822
2022-02-02,0,0,15.201735,59.267892
2022-03-02,0,0,15.231905,59.31903
2022-03-15,0,0,17.997866,59.379086
2022-03-15,0,0,17.937308,59.411914
2022-03-15,0,0,17.942618,59.432462
2022-03-20,0,0,17.625534,59.505711
2022-03-25,0,0,17.928412,59.390549
2022-03-28,1,0,18.042024,59.341219
2022-03-16,0,0,16.534967,58.993132
2022-03-25,0,0,16.520789,59.381317
2022-03-25,0,0,16.530133,59.354263
2022-01-01,0,1,16.533287,58.837759
2022-01-06,0,0,16.479474,59.604531
2022-01-07,0,2,14.977983,58.039428
2022-01-07,0,0,14.977983,58.039428
2022-01-02,0,0,14.520762,59.789806
2022-01-13,0,0,12.906297,59.136224
2022-01-10,1,0,17.840462,59.41316
2022-01-03,0,1,11.933434,57.727448
2022-01-04,0,0,13.020567,55.605033
2022-01-05,0,0,13.022199,55.604161
2022-01-05,0,0,13.022199,55.604161
2022-01-05,0,0,13.022199,55.604161
2022-01-05,0,0,13.022199,55.604161
2022-01-05,0,0,13.022199,55.604161
2022-01-05,0,0,13.022199,55.604161
2022-01-07,0,0,13.00283,55.516668
2022-01-07,0,0,13.00283,55.516668
2022-01-08,0,1,12.982543,55.603515
2022-01-09,0,0,12.730288,56.066469
2022-01-14,1,0,13.025371,55.604212
2022-01-08,0,3,14.794677,56.919106
2022-01-27,0,0,13.573319,59.403935
2022-01-26,0,1,16.53523,59.389231
2022-01-28,1,0,15.678883,58.381632
2022-01-19,0,1,15.580475,58.428821
2022-01-31,0,1,14.668998,57.384173
2022-01-24,0,0,18.262404,59.327797
2022-01-18,0,0,17.802013,59.459816
2022-01-25,1,0,17.816354,59.250149
2022-01-25,0,0,17.605436,59.198839
2022-01-29,1,0,17.930092,59.389612
2022-01-16,0,0,12.639829,56.100722
2022-01-18,1,0,12.697068,56.057765
2022-01-19,0,0,12.719358,56.033912
2022-02-01,0,0,18.098926,59.232039
2022-02-05,0,0,17.926442,59.408564
2022-02-09,1,0,18.257387,59.293772
2022-02-13,0,1,18.08765,59.243092
2022-02-13,1,0,18.12846,59.267279
2022-02-22,1,0,17.582632,59.198396
2022-02-24,0,0,12.504543,56.895257
2022-02-24,0,0,12.504543,56.895257
2022-02-24,0,0,12.504543,56.895257
2022-02-24,0,0,12.504543,56.895257
2022-02-19,0,0,11.924365,57.715544
2022-02-17,0,1,16.181672,58.586368
2022-02-28,0,1,17.024254,59.380763
2022-02-17,1,0,13.66146,55.85094
2022-02-16,0,0,16.363925,56.662955
2022-02-18,0,0,16.324852,56.711895
2022-03-05,0,0,12.475694,56.909057
2022-03-07,0,0,12.119984,57.239312
2022-03-02,0,1,17.633782,59.520819
2022-03-04,1,0,18.158606,59.175783
2022-03-09,0,0,18.172914,59.254519
2022-03-08,0,0,17.837868,59.613589
2022-03-04,0,0,16.53523,59.389231
2022-03-07,0,1,13.534622,57.304208
2022-03-13,0,0,16.520789,59.381317
2022-03-06,0,0,12.210655,58.94073
2022-03-06,0,0,12.210655,58.94073
2022-02-18,0,0,15.840702,57.487805
2022-03-01,0,1,16.123592,56.701294
2022-03-06,1,0,16.367317,56.666511
2022-03-06,0,1,12.036858,57.777546
2022-03-11,0,1,12.027707,57.806991
2022-03-01,0,1,15.238379,59.239991
2022-03-09,0,0,13.01436,55.57078
2022-03-09,0,0,13.01436,55.57078
2022-03-09,0,0,13.01436,55.57078
2022-03-11,0,1,14.798122,56.889466
2022-03-26,0,1,16.51903,59.381337
2022-03-20,0,0,16.163165,58.547016
2022-03-28,0,0,16.176483,58.585518
2022-03-28,0,0,16.502639,59.368953
2022-03-28,0,0,16.502639,59.368953
2022-03-30,0,0,14.206328,57.780055
2022-03-19,0,0,15.155431,59.115289
2022-03-22,0,0,13.506336,59.404982
2022-03-20,1,0,13.181249,58.498082
2022-03-16,0,0,13.020112,55.582557
2022-03-25,0,0,14.156917,56.0593
2022-02-28,1,1,17.05021,61.307837
2022-03-27,0,1,16.507611,59.59972
2022-02-28,0,0,17.05021,61.307837
2022-04-01,0,1,17.343331,62.401464
2022-04-01,0,0,17.343331,62.401464
2022-04-01,0,0,17.343331,62.401464
2022-04-01,0,0,17.343331,62.401464
2022-04-13,1,0,14.861506,56.168122
2022-04-13,0,0,16.357223,56.70346
2022-04-14,0,0,16.355558,56.70258
2022-04-15,0,1,13.294559,55.839212
2022-04-15,0,0,13.294559,55.839212
2022-04-16,0,1,13.04014,55.594563
2022-04-17,0,1,18.144141,59.266002
2022-04-18,0,1,17.803213,59.410372
2022-04-15,1,0,18.161284,59.658302
2022-04-15,1,0,18.161284,59.658302
2022-05-03,0,0,13.048783,55.580321
2022-05-03,0,0,13.048783,55.580321
2022-05-03,0,0,13.048783,55.580321
2022-05-03,0,0,13.048783,55.580321
2022-05-03,0,0,13.048783,55.580321
2022-05-03,0,0,12.703056,56.038103
2022-05-03,0,0,12.703056,56.038103
2022-02-17,0,0,12.923245,55.553991
2022-02-17,0,0,12.923245,55.553991
2022-04-01,0,0,17.343331,62.401464
2022-04-01,0,0,17.343331,62.401464
2022-03-27,0,0,18.074915,59.296413
2022-04-05,1,0,17.814159,59.244805
2022-04-09,0,0,17.902715,59.357876
2022-04-10,1,0,17.640482,59.19903
2022-04-10,1,0,18.128226,59.267024
2022-04-06,0,1,16.270584,60.544263
2022-04-02,0,1,16.197333,58.591613
2022-04-01,0,0,13.042665,55.575729
2022-04-06,0,0,13.7618,56.1611
2022-04-06,0,0,13.7618,56.1611
2022-04-06,0,0,13.7618,56.1611
2022-04-07,0,0,13.7618,56.1611
2022-04-07,0,0,13.7618,56.1611
2022-04-07,0,0,13.7618,56.1611
2022-04-10,0,0,13.273608,55.446191
2022-04-12,0,0,13.761771,56.161998
2022-04-12,0,0,13.761771,56.161998
2022-04-12,0,0,13.761771,56.161998
2022-04-12,0,0,13.761771,56.161998
2022-04-13,0,0,13.105912,55.645925
2022-04-13,0,0,13.105912,55.645925
2022-04-13,0,0,13.105912,55.645925
2022-04-13,0,0,13.105912,55.645925
2022-04-14,0,0,17.899435,58.905958
2022-04-21,0,0,18.093064,59.24476
2022-04-22,0,1,17.701135,59.809648
2022-04-23,0,0,17.64293,59.885399
2022-04-20,0,1,17.677469,59.870327
2022-04-23,0,1,16.446976,59.590524
2022-04-23,0,1,16.769911,60.606832
2022-04-16,0,1,16.74815,60.609813
2022-04-23,0,0,16.446976,59.590524
2022-04-23,0,0,16.446976,59.590524
2022-04-14,0,0,15.198206,59.264306
2022-04-23,0,0,15.201661,59.25532
2022-04-24,0,0,17.935062,58.912342
2022-04-11,0,0,13.28509,57.204017
2022-04-18,0,0,16.482665,59.354811
2022-04-27,0,0,16.520789,59.381317
2022-04-27,0,0,16.520789,59.381317
2022-04-27,0,0,16.520789,59.381317
2022-04-28,1,0,11.927798,57.754276
2022-04-28,0,0,11.927798,57.754276
2022-04-28,0,0,17.836186,59.362037
2022-04-26,0,0,17.658877,59.210336
2022-04-25,0,0,18.030521,59.251625
2022-05-01,0,0,17.626465,59.221776
2022-04-21,0,0,13.006981,55.559876
2022-04-21,0,0,13.006981,55.559876
2022-05-05,0,0,16.488608,59.610714
2022-05-07,0,1,17.70568,59.623574
2022-05-02,0,0,16.515351,59.377788
2022-05-04,0,0,16.523865,59.371401
2022-05-12,0,1,13.531481,57.294289
2022-05-12,0,1,16.531387,59.382091
2022-05-04,0,0,12.338144,58.367441
2022-05-04,0,0,12.338144,58.367441
2022-05-12,0,0,11.908009,57.65133
2022-05-16,0,0,11.891229,57.71024
2022-05-16,0,0,11.891229,57.71024
2022-05-03,0,0,13.048783,55.580321
2022-02-17,0,0,12.923245,55.553991
2022-05-22,0,0,23.253291,67.249981
2022-05-22,0,0,23.253291,67.249981
2022-05-22,0,0,23.253291,67.249981
2022-05-05,0,0,17.599575,59.19087
2022-05-11,0,1,18.089339,59.339207
2022-05-12,0,0,17.825779,59.617444
2022-05-16,0,0,17.63998,59.215213
2022-05-19,0,0,17.922751,59.386183
2022-05-14,0,0,17.93829,59.402906
2022-03-10,0,0,17.943833,59.426144
2022-05-21,0,0,16.482743,59.356607
2022-05-22,0,0,16.520789,59.381317
2022-05-23,1,0,16.50396,59.359058
2022-05-29,0,0,14.24498,57.781189
2022-05-27,0,0,18.047934,59.34827
2022-05-22,0,0,18.08663,59.251204
2022-05-20,1,0,15.173773,59.288587
2022-05-29,1,0,15.17551,59.284993
2022-05-29,1,0,15.17551,59.284993
2022-05-24,0,1,16.553166,59.62703
2022-05-29,0,1,17.702843,59.808714
2022-05-17,0,0,11.949597,57.735029
2022-05-17,0,0,11.949597,57.735029
2022-05-22,1,0,16.341921,56.686555
2022-05-29,0,0,13.161645,55.371761
2022-05-31,0,0,13.020338,55.578067
2022-05-31,0,0,13.020338,55.578067
2022-05-31,0,0,13.020338,55.578067
2022-05-31,0,0,13.020338,55.578067
2022-06-02,0,0,17.827943,59.24181
2022-06-06,0,1,17.830065,59.246257
2022-06-10,1,0,17.597895,59.191802
2022-06-12,0,0,18.025905,59.258921
2022-06-11,0,1,17.83084,59.361254
2022-06-13,0,0,17.836098,59.613627
2022-06-08,0,0,17.939953,59.442406
2022-05-30,0,0,14.558427,56.055998
2022-06-05,0,1,13.7618,56.1611
2022-06-07,1,0,14.160616,56.036862
2022-06-07,0,0,14.160616,56.036862
2022-06-08,0,0,16.373739,56.528969
2022-06-12,0,0,12.71969,56.055489
2022-06-12,0,0,12.993967,55.597411
2022-06-12,0,0,12.993967,55.597411
2022-06-14,0,0,12.850015,55.878081
2022-06-14,0,0,12.850015,55.878081
2022-06-14,0,0,12.850015,55.878081
2022-06-15,0,1,13.019026,55.60411
2022-06-16,0,1,24.122349,65.836946
2022-06-17,0,0,13.148819,55.376061
2022-06-17,0,1,13.148819,55.376061
2022-06-14,0,0,12.023935,57.852739
2022-06-14,0,0,12.023935,57.852739
2022-06-27,0,0,11.99851,57.651714
2022-06-27,0,0,11.99851,57.651714
2022-06-09,0,0,18.183061,59.175186
2022-06-16,0,0,17.98223,59.361472
2022-06-22,0,0,17.822465,59.620211
2022-06-22,0,1,17.913753,59.527458
2022-06-23,1,0,18.00025,59.286474
2022-06-24,0,0,18.120002,59.289948
2022-06-27,0,0,11.953676,58.343587
2022-06-28,0,0,11.680093,58.235208
2022-06-23,0,0,15.187776,59.281384
2022-07-31,0,0,21.527258,65.119426
2022-06-26,0,0,16.520789,59.381317
2022-06-28,0,0,16.172897,58.991528
2022-06-30,0,0,16.176664,58.590905
2022-07-07,0,0,16.179703,58.986976
2022-07-20,0,0,16.517311,59.382256
2022-06-30,0,0,14.314887,57.730385
2022-07-30,0,0,16.128132,58.579664
2022-07-17,0,0,16.183907,58.601617
2022-07-25,0,0,17.695866,59.810654
2022-07-25,0,0,17.626769,59.816545
2022-07-07,0,1,12.888824,56.661511
2022-07-07,0,0,12.888824,56.661511
2022-07-07,0,0,12.888824,56.661511
2022-07-02,0,0,11.923372,57.667883
2022-07-07,1,0,11.892658,57.732745
2022-07-07,0,0,11.892658,57.732745
2022-07-07,0,0,11.892658,57.732745
2022-07-22,0,1,12.016157,57.681791
2022-07-05,0,1,12.335068,58.362884
2022-07-20,0,0,15.193091,59.290356
2022-07-30,1,0,15.186104,59.296652
2022-07-04,0,1,16.506845,59.622182
2022-07-20,0,0,13.019431,55.564571
2022-07-22,1,0,13.006026,55.578734
2022-07-24,0,0,14.316237,56.402608
2022-07-24,0,0,14.316237,56.402608
2022-07-24,0,0,14.316237,56.402608
2022-07-26,0,1,14.163903,56.03329
2022-07-30,1,0,13.014813,55.5618
2022-07-31,0,0,13.037551,55.582838
2022-07-02,0,0,13.03619,55.578322
2022-07-07,0,1,18.019297,59.263568
2022-07-07,0,1,18.019297,59.263568
2022-07-11,0,1,17.853529,59.233164
2022-07-12,0,0,17.93076,59.43812
2022-07-14,1,0,18.102588,59.233749
2022-07-16,0,1,17.598417,59.175619
2022-07-20,1,0,17.8361,59.234444
2022-07-20,0,0,17.998199,59.263157
2022-07-20,1,0,17.832678,59.193185
2022-07-22,0,0,18.008471,59.260224
2022-07-22,0,0,18.123097,59.285381
2022-07-24,0,0,18.155288,59.158789
2022-07-25,0,1,18.15176,59.215492
2022-07-27,0,0,17.573422,59.21565
2022-07-30,0,1,18.102425,59.231956
2022-07-26,1,0,18.245287,59.332719
2022-08-07,0,1,16.719347,60.892169
2022-08-07,1,0,17.841832,59.366406
2022-08-10,1,0,17.890352,59.274584
2022-08-13,0,0,17.898521,59.391216
2022-08-06,0,0,13.763583,56.155726
2022-08-08,0,0,14.624801,56.165833
2022-08-08,0,0,14.624801,56.165833
2022-08-08,0,0,14.624801,56.165833
2022-08-12,0,1,12.838754,55.870694
2022-08-05,0,0,12.005499,57.648284
2022-08-05,0,0,12.005499,57.648284
2022-08-05,0,0,12.005499,57.648284
2022-07-16,0,0,12.988105,55.556871
2022-07-16,0,0,12.988105,55.556871
2022-07-16,0,0,12.983372,55.587351
2022-07-18,0,0,12.983372,55.587351
2022-07-18,0,0,12.983372,55.587351
2022-07-18,0,0,12.983372,55.587351
2022-08-18,0,1,17.12088,60.693338
2022-08-13,0,0,16.498804,59.361812
2022-08-21,0,0,16.542555,59.395432
2022-08-17,0,1,14.265229,57.777715
2022-08-13,0,1,15.129773,58.330374
2022-08-26,0,1,16.517311,59.382256
2022-08-26,0,1,16.517311,59.382256
2022-08-14,0,0,18.015689,59.333492
2022-08-22,0,1,18.127725,59.266353
2022-08-23,0,0,17.806005,59.454313
2022-08-24,0,0,17.806552,59.454103
2022-08-25,1,0,18.133275,59.161281
2022-08-26,0,1,18.048787,59.270285
2022-08-29,0,0,11.896297,57.651043
2022-08-29,0,0,11.896297,57.651043
2022-08-29,0,0,11.896297,57.651043
2022-08-30,0,0,11.896604,57.647455
2022-08-14,0,0,14.67571,56.048276
2022-08-19,1,0,12.973523,55.562922
2022-08-19,0,1,12.973523,55.562922
2022-08-25,1,0,12.729743,56.053876
2022-08-28,0,0,11.449946,58.406103
2022-08-25,0,0,18.055665,59.336407
2022-09-03,0,1,11.963938,57.744362
2022-09-04,0,1,11.921089,57.694792
2022-09-12,0,0,12.01451,57.722197
2022-09-12,0,0,12.01451,57.722197
2022-09-11,0,0,11.831856,58.348716
2022-09-02,0,0,17.935299,59.510802
2022-09-03,0,1,17.94391,59.427041
2022-09-05,0,1,17.833567,59.246181
2022-09-06,0,0,17.909193,59.474545
2022-09-09,0,1,17.575029,59.190461
2022-09-11,0,0,12.705756,56.039951
2022-09-14,0,0,12.909617,56.077726
2022-09-14,0,0,17.639224,59.861216
2022-09-13,0,0,16.49223,59.61247
2022-09-19,0,1,17.858558,59.627515
2022-09-17,0,0,16.51907,59.382235
2022-09-17,0,0,16.504318,59.367137
2022-09-19,0,0,16.206879,58.569068
2022-09-20,0,1,16.960216,66.388611
2022-09-26,0,0,15.207157,60.156873
2022-09-15,0,0,17.900975,59.419916
2022-12-02,0,2,17.955621,59.217404
2022-12-04,1,0,17.596147,59.191837
2022-12-22,0,0,17.829195,59.742263
2022-12-25,1,0,17.926499,59.388794
2022-12-28,0,0,18.084182,59.262944
2022-12-28,0,0,18.084182,59.262944
2022-12-24,0,0,12.962807,55.586112
2022-12-24,0,0,12.962807,55.586112
2022-09-21,0,0,18.091665,59.538649
2022-09-24,0,1,18.017307,59.260918
2022-09-23,0,1,17.616237,59.179754
2022-09-23,0,0,18.132613,59.140466
2022-09-23,0,0,18.025666,59.256231
2022-09-28,0,1,18.138486,59.166385
2022-09-30,0,0,17.941467,59.378573
2022-09-19,0,0,12.832195,55.882263
2022-09-22,1,0,14.155292,56.060187
2022-09-25,0,0,12.714282,56.038312
2022-09-30,0,0,21.699046,65.822015
2022-10-03,0,0,12.271582,58.055114
2022-10-03,0,0,12.271582,58.055114
2022-10-03,0,0,12.271582,58.055114
2022-09-28,0,1,17.595351,59.204432
2022-09-30,1,0,17.59024,59.206331
2022-10-01,1,0,17.590444,59.209022
2022-09-29,0,1,17.110583,59.636306
2022-09-29,0,1,17.110583,59.636306
2022-10-08,0,0,17.006558,59.37924
2022-10-08,0,0,17.006558,59.37924
2022-10-11,1,0,17.857321,59.633832
2022-05-27,0,0,17.848178,59.421079
2022-09-30,0,0,18.081863,59.256709
2022-10-03,0,0,17.92091,59.282887
2022-10-06,1,1,17.619732,59.179684
2022-10-04,0,1,18.126626,59.266424
2022-10-14,0,0,12.001914,57.712013
2022-10-16,1,0,12.070434,57.757656
2022-10-01,0,1,12.828363,55.836359
2022-10-03,0,1,13.766802,56.155758
2022-10-03,0,0,13.766802,56.155758
2022-10-03,0,0,13.766802,56.155758
2022-10-20,0,0,13.019702,55.559183
2022-10-20,0,0,13.019702,55.559183
2022-10-20,0,0,13.019702,55.559183
2022-10-20,0,0,13.019702,55.559183
2022-10-20,0,0,13.019702,55.559183
2022-10-20,0,0,13.019702,55.559183
2022-10-16,0,0,18.055665,59.336407
2022-10-17,0,0,17.630181,59.519993
2022-10-16,0,0,18.098315,59.244635
2022-10-24,0,1,17.600165,59.175584
2022-10-23,0,1,16.51719,59.379563
2022-10-27,0,0,16.540428,59.387374
2022-10-25,1,0,16.752142,60.616047
2022-10-15,0,0,16.711573,60.401935
2022-10-24,0,0,21.571541,65.142714
2022-10-24,0,0,21.571541,65.142714
2022-10-30,0,1,17.149023,60.675825
2022-10-27,0,0,18.010415,59.361723
2022-10-31,0,0,14.128423,58.705605
2022-10-28,0,0,15.198347,59.288552
2022-10-20,0,0,13.019702,55.559183
2022-10-20,0,0,13.019702,55.559183
2022-10-20,0,0,13.019702,55.559183
2022-10-20,0,0,13.019702,55.559183
2022-10-20,0,0,13.019702,55.559183
2022-10-20,0,0,13.019702,55.559183
2022-10-29,0,0,13.112177,55.647819
2022-10-29,0,0,13.112177,55.647819
2022-10-29,0,0,13.112177,55.647819
2022-10-29,0,0,15.189531,59.281381
2022-10-30,0,1,12.111398,57.728939
2022-10-30,0,0,12.111398,57.728939
2022-10-10,0,0,17.646071,59.879946
2022-11-05,1,0,17.122474,60.68972
2022-11-01,0,0,16.520789,59.381317
2022-11-07,0,0,16.489894,59.359219
2022-11-12,0,0,16.503921,59.35816
2022-11-08,1,0,12.025879,57.808746
2022-11-03,0,0,12.075374,57.488143
2022-11-03,0,0,12.075374,57.488143
2022-11-14,0,1,12.512026,56.906191
2022-11-12,0,1,12.709105,56.07147
2022-10-30,0,0,17.631762,59.24503
2022-11-02,0,0,18.113598,59.546216
2022-11-04,0,0,17.989236,59.381081
2022-11-06,0,0,18.128025,59.281668
2022-11-11,0,0,18.014088,59.363435
2022-10-16,0,0,15.215707,59.257992
2022-10-16,0,0,15.215707,59.257992
2022-11-03,0,0,17.222397,59.260753
2022-11-27,0,1,16.491928,59.365483
2022-11-27,0,0,16.491928,59.365483
2022-11-17,0,0,13.323211,55.841404
2022-11-29,0,0,12.021133,57.805039
2022-11-29,0,0,12.021133,57.805039
2022-11-29,0,0,12.021133,57.805039
2022-11-29,0,0,12.021133,57.805039
2022-11-29,0,0,12.021133,57.805039
2022-11-29,0,0,12.021133,57.805039
2022-11-29,0,0,12.021133,57.805039
2022-11-18,0,1,17.944713,59.497112
2022-11-21,0,0,17.939531,59.518794
2022-11-26,0,0,17.842853,59.39963
2022-11-14,0,0,12.264071,57.7539
2022-11-27,0,0,17.625922,59.805781
2022-12-06,0,0,17.697429,59.807927
2022-12-02,0,1,17.331404,62.422319
2022-11-29,0,1,17.013404,58.750313
2022-11-29,0,0,17.013404,58.750313
2022-12-13,1,0,22.253046,65.588288
2022-12-11,0,0,11.900056,57.724838
2022-12-11,0,0,11.900056,57.724838
2022-12-31,0,0,15.210534,59.272369
2022-12-22,0,1,12.018962,57.851723
2022-12-22,0,0,12.018962,57.851723
2022-12-22,0,0,12.018962,57.851723
2022-12-22,0,0,12.018962,57.851723
2022-12-22,0,0,12.018962,57.851723
2022-12-22,0,0,12.018962,57.851723
2022-12-25,0,0,12.502963,56.894327
2022-12-29,0,0,18.286994,60.286973
